id;business_name;paye_reference;employment_end_date
1;Arizona success Sleek Frozen Chips;Gorgeous Rubber Chicken Associate Central African Republic;2019-07-27T07:26:29
2;Dalasi;Orchestrator Naira;2019-07-27T13:19:34
3;protocol Product Usability;Regional;2019-07-27T11:36:40
4;Money Market Account;Mouse;2019-07-27T07:01:22
5;facilitate Persevering;Fantastic;2019-07-26T23:09:42
6;Architect;Beauty dynamic schemas;2019-07-27T08:04:49
7;clear-thinking Frozen Licensed;Group hard drive Personal Loan Account;2019-07-27T12:30:33
8;Accountability;Aruba Chair portals;2019-07-27T03:53:05
9;Ways Liaison engage;disintermediate Assistant generating;2019-07-27T02:25:38
10;Bypass;Plastic Movies;2019-07-27T20:44:18
