id;name_of_provider;membership_number;paye_reference
1;parse infrastructures Mobility;Implementation Shirt Unbranded Soft Fish;Refined Soft Keyboard synthesizing
2;indigo Bacon Mouse;Programmable payment National;HDD
3;Tanzanian Shilling Lights;e-enable Plaza intranet;convergence Idaho customized
4;synthesize Bahrain;Pre-emptive Bouvet Island (Bouvetoya) experiences;Credit Card Account
5;Belize Dollar Bacon;Investment Account Rwanda Customer;Liaison copy program
6;hack Electronics Oklahoma;Cambridgeshire navigate Licensed;Fantastic indexing
7;Investment Account;haptic Shoes;models
8;driver payment Mexican Peso Mexican Unidad de Inversion (UDI);port Money Market Account;Chips National Idaho
9;vortals value-added;Salad Connecticut;Generic Advanced
10;HDD Security Virginia;solid state Clothing deposit;Maine Checking Account markets
