id;name;email;phone_number
1;New Taiwan Dollar Zimbabwe parse;Kaylee_McDermott94@hotmail.com;navigating Ergonomic Falls
2;User-friendly;Lempi87@gmail.com;calculate Fantastic Concrete Computer Baby
3;Kyrgyz Republic transmit;Eloise_Stark96@yahoo.com;Refined redundant
4;Granite Grocery;Ova_Mraz@hotmail.com;cyan Rubber Industrial
5;Home Loan Account withdrawal;Humberto_Bosco34@yahoo.com;Berkshire solid state
6;middleware Switzerland;Vada45@hotmail.com;indexing compress Practical Steel Chips
7;Berkshire concept;Korey.Ferry@yahoo.com;Granite Rubber
8;enable;Lucinda69@hotmail.com;e-business RSS
9;Rand Soap;Dan.Bauch34@gmail.com;e-business
10;Awesome;Kadin.Koelpin@gmail.com;innovative Bedfordshire Lempira
